family;genus;epithet;commonname;life_forms;endemism;RED_List_2022;MMA_2022;extinction_risk_category_2013;fruit_fleshy_dry;fruit_dehisces;winged_nonwinged;fruit_form;fruit_type;dispersal_syndrome;seed_form;seed_handling;storage_behaviour;D.O.I.
Anacardiaceae;Astronium;urundeuva;aroeira;Tree;NE;DD;NA;NE;fleshy;indehiscent;winged;subglobose;pseudosamara;Anemochory;reniform;ND;ORT;https://doi.org/10.1007/s40415-021-00732-w,https://dspace.jbrj.gov.br/jspui/handle/doc/26,https://www.researchgate.net/publication/338717644_Guia_de_Propagulos_e_Plantulas_da_Caatinga,https://doi.org/10.1002/tax.12640,https://ser-sid.org/
Anacardiaceae;Schinopsis;brasiliensis;bara£na;Tree;NE;LC;NA;LC;dry;indehiscent;winged;oblong;samara;Anemochory;oblong,reniform;PD - removal partial or total of the endocarp;ORT;https://doi.org/10.1007/978-3-642-14397-7_3,https://doi.org/10.13102/scb8091,https://www.jstor.org/stable/3068648,https://dspace.jbrj.gov.br/jspui/handle/doc/26,https://doi.org/10.1002/tax.12640,https://ser-sid.org/
Anacardiaceae;Spondias;tuberosa;umb£;Shrub,tree;ED;LC;NA;NE;fleshy;indehiscent;non-winged;subglobose,obovate;drupe;Zoochory;obliquely obovoid but laterally compressed and very slightly carinate;PD - removal partial or total of the endocarp;ORT;https://doi.org/10.1007/978-3-642-14397-7_3,https://doi.org/10.3897/phytokeys.55.8489,https://dspace.jbrj.gov.br/jspui/handle/doc/26,https://doi.org/10.1002/tax.12640,https://ser-sid.org/
Apocynaceae;Aspidosperma;pyrifolium;pereiro;Tree;NE;LC;NA;NE;dry;dehiscent;non-winged;pyriform,suborbicular;follicle;Anemochory;ovoid;ND;ORT_NEMA;https://doi.org/10.1590/1676-0611-BN-2015-0080,https://dspace.jbrj.gov.br/jspui/handle/doc/26,https://www.researchgate.net/publication/338717644_Guia_de_Propagulos_e_Plantulas_da_Caatinga,https://doi.org/10.1002/tax.12640
Bignoniaceae;Handroanthus;impetiginosus;ipˆ-roxo;Tree;NE;NT;NA;NT;dry;dehiscent;non-winged;cylindrical;capsule;Anemochory;flattened (winged);ND;ORT;https://www.jstor.org/stable/4393739,https://dspace.jbrj.gov.br/jspui/handle/doc/26,https://doi.org/10.1002/tax.12640,https://ser-sid.org/
Burseraceae;Commiphora;leptophloeos;imburana-de-cambÆo;Shrub,tree;NE;LC;NA;NE;fleshy;dehiscent;non-winged;subglobose;drupe;Zoochory;elliptical acuminate;NA;ORT;https://doi:10.1017/S0266467401001201,https://doi.org/10.1007/s40415-021-00765-1,https://dspace.jbrj.gov.br/jspui/handle/doc/26,https://doi.org/10.1002/tax.12640,https://ser-sid.org/
Capparaceae;Neocalyptrocalyx;longifolium;ic¢;Shrub;ED;NE;NA;NE;fleshy;indehiscent;non-winged;oblong;amphisarca;Zoochory;reniform;NA;NA;https://doi.org/10.1590/2175-7860201465307,https://dspace.jbrj.gov.br/jspui/handle/doc/26,https://doi.org/10.1002/tax.12640
Chrysobalanaceae;Microdesmia;rigida;oiticica;Tree;ED;LC;NA;LC;fleshy;dehiscent;non-winged;elliptic;drupe;Zoochory;oblong;ND;NA;https://doi.org/10.1590/2175-7860202071105,https://doi.org/10.18378/rvads.v10i2.2965,https://doi.org/10.34117/bjdv6n11-589,https://dspace.jbrj.gov.br/jspui/handle/doc/26,https://doi.org/10.1002/tax.12640
Euphorbiaceae;Cnidoscolus;quercifolius;faveleira;Shrub,tree;ED;LC;NA;LC;dry;dehiscent;non-winged;subglobose;capsule;Autochory;subglobose (carunculate seed);PY - mechanically scarified;ORT_NEMA;https://doi.org/10.1016/j.jaridenv.2010.05.009,https://www.researchgate.net/publication/338717644_Guia_de_Propagulos_e_Plantulas_da_Caatinga,https://dspace.jbrj.gov.br/jspui/handle/doc/26,https://doi.org/10.1002/tax.12640
Euphorbiaceae;Croton;blanchetianus;marmeleiro;Shrub,tree;ED;LC;NA;LC;dry;dehiscent;non-winged;globose;schizocarp;Autochory;ellipsoid;PY - mechanically scarified;ORT_NEMA;https://doi.org/10.1016/j.jaridenv.2010.05.009,https://www.researchgate.net/publication/338717644_Guia_de_Propagulos_e_Plantulas_da_Caatinga,https://dspace.jbrj.gov.br/jspui/handle/doc/26,https://doi.org/10.1002/tax.12640
Euphorbiaceae;Jatropha;ribifolia;pinhÆozinho,pinhÆo-pequeno,pinhÆo-miudo,piÆo;Shrub,subshrubs;ED;NE;NA;NE;dry;dehiscent;non-winged;globose;capsule;Autochory;ovoid (carunculate seed);PY - mechanically scarified;NA;https://doi:10.1017/S0266467401001201,https://doi.org/10.1590/S1516-05722012000400002,https://dspace.jbrj.gov.br/jspui/handle/doc/26,https://doi.org/10.1002/tax.12640
Euphorbiaceae;Jatropha;mollissima;pinhÆo,pinhÆo-vermelho,pinhÆo-roxo;Shrub,tree;NE;NE;NA;NE;dry;dehiscent;non-winged;globose;capsule;Autochory;subglobose (carunculate seed);PY - mechanically scarified;ORT_NEMA;https://doi:10.1017/S0266467401001201,https://www.researchgate.net/publication/338717644_Guia_de_Propagulos_e_Plantulas_da_Caatinga,https://dspace.jbrj.gov.br/jspui/handle/doc/26,https://doi.org/10.1002/tax.12640
Euphorbiaceae;Manihot;carthagenensis;mani‡oba;Shrub,tree;NE;LC;NA;NE;dry;dehiscent;non-winged;ovoid,orbicular;capsule;Autochory;oblong;PY - mechanically scarified;ORT;https://doi:10.1017/S0266467401001201,https://dspace.jbrj.gov.br/jspui/handle/doc/26,https://doi.org/10.1002/tax.12640
Fabaceae;Amburana;cearensis;amburana-de-cheiro,cumaru,umburana-de-cheiro;Tree;NE;EN;NA;NT;dry;dehiscent;winged;oblong;legume;Anemochory;ovoid;ND;ORT_NEMA;https://dspace.jbrj.gov.br/jspui/handle/doc/26,https://www.researchgate.net/publication/338717644_Guia_de_Propagulos_e_Plantulas_da_Caatinga,https://doi.org/10.1002/tax.12640
Fabaceae;Anadenanthera;colubrina;angico;Shrub,tree;NE;LC;NA;NE;dry;dehiscent;non-winged;oblong;follicle;Autochory;orbicular (winged);ND;ORT;https://doi:10.1017/S0266467401001201,https://dspace.jbrj.gov.br/jspui/handle/doc/26,https://doi:10.1017/S0266467401001201,https://www.researchgate.net/publication/338717644_Guia_de_Propagulos_e_Plantulas_da_Caatinga,https://doi.org/10.1002/tax.12640,https://ser-sid.org/
Fabaceae;Bauhinia;cheilantha;pata-de-vaca,moror¢;Shrub,tree;NE;LC;NA;LC;dry;dehiscent;non-winged;compressed-flat;legume;Autochory;obovate;PY - mechanically scarified;ORT_NEMA;https://doi.org/10.1590/2175-7860201970017,https://www.jstor.org/stable/23497144,https://www.researchgate.net/publication/338717644_Guia_de_Propagulos_e_Plantulas_da_Caatinga,https://dspace.jbrj.gov.br/jspui/handle/doc/26,https://doi.org/10.1002/tax.12640
Fabaceae;Cenostigma;pyramidale;catingueira;Shrub,tree;ED;LC;NA;NE;dry;dehiscent;non-winged;compressed-flat,oblong;legume;Autochory;ellipsoid;ND;ORT;https://doi.org/10.5902/1980509822738,https://doi.org/10.1590/2175-7860201970017,https://dspace.jbrj.gov.br/jspui/handle/doc/26,https://www.researchgate.net/publication/338717644_Guia_de_Propagulos_e_Plantulas_da_Caatinga,https://doi.org/10.1002/tax.12640,https://ser-sid.org/
Fabaceae;Enterolobium;contortisiliquum;orelha-de-nego,tamboril,timba£ba;Tree;NE;LC;NA;NE;dry;indehiscent;non-winged;rounded;baccoid;Zoochory;elliptic;PY - mechanically scarified;ORT_NEMA;https://doi.org/10.1590/S2236-89062012000300002,https://doi.org/10.1590/S0101-31222011000200004,https://dspace.jbrj.gov.br/jspui/handle/doc/26,https://doi.org/10.1002/tax.12640
Fabaceae;Libidibia;ferrea;pau-ferro,juc ;Tree;NE;LC;NA;NE;dry;indehiscent;non-winged;oblong-elliptic;legume;Autochory;elliptic,oblong;PY - mechanically scarified;ORT_NEMA;https://doi:10.1017/S0266467401001201,https://dspace.jbrj.gov.br/jspui/handle/doc/26,https://www.researchgate.net/publication/338717644_Guia_de_Propagulos_e_Plantulas_da_Caatinga,https://doi.org/10.1002/tax.12640
Fabaceae;Luetzelburgia;auriculata;moc¢,pau-moc¢;Tree;ED;LC;NA;LC;dry;indehiscent;winged;oblong,oval;samara;Anemochory;obovate,subreniform;ND;ORT;https://doi.org/10.1590/S2175-78602014000200012,https://www.researchgate.net/publication/338717644_Guia_de_Propagulos_e_Plantulas_da_Caatinga,https://dspace.jbrj.gov.br/jspui/handle/doc/26,https://doi.org/10.1002/tax.12640,https://ser-sid.org/
Fabaceae;Mimosa;tenuiflora;jurema-preta;Shrub,tree,subshrubs;NE;LC;NA;NE;dry;indehiscent;non-winged;oblong;craspedium;Autochory;orbicular;PY - mechanically scarified;ORT_NEMA;https://doi.org/10.1590/2175-7860201566107,https://www.researchgate.net/publication/338717644_Guia_de_Propagulos_e_Plantulas_da_Caatinga,https://dspace.jbrj.gov.br/jspui/handle/doc/26,https://doi.org/10.1002/tax.12640
Fabaceae;Parapiptadenia;zehntneri;guarambira,angico-monjoba,angico-monjolo;Shrub,tree;ED;NT;NA;NE;dry;dehiscent;non-winged;straight;legume;Anemochory;suborbicular (winged);ND;ORT;https://doi.org/10.13102/scb1133,https://dspace.jbrj.gov.br/jspui/handle/doc/26,https://doi.org/10.1002/tax.12640,https://ser-sid.org/
Fabaceae;Piptadenia;retusa;jurema-branca;Shrub,tree;NE;LC;NA;NE;dry;dehiscent;non-winged;compressed-flat;legume;Autochory;ovoid;PY - mechanically scarified;ORT;https://doi.org/10.1016/j.jaridenv.2010.05.009,https://dspace.jbrj.gov.br/jspui/handle/doc/26,https://www.researchgate.net/publication/338717644_Guia_de_Propagulos_e_Plantulas_da_Caatinga,https://doi.org/10.1002/tax.12640,https://ser-sid.org/
Fabaceae;Pityrocarpa;moniliformis;angico-de-bezerro,canzenzo,quipembe,casqueiro;Shrub,tree;ED;LC;NA;NE;dry;dehiscent;non-winged;moniliform;follicle;Autochory;lenticular;PY - mechanically scarified;ORT;https://doi.org/10.2307/4108864,https://www.jstor.org/stable/23500773,https://dspace.jbrj.gov.br/jspui/handle/doc/26,https://www.researchgate.net/publication/338717644_Guia_de_Propagulos_e_Plantulas_da_Caatinga,https://doi.org/10.1002/tax.12640,https://ser-sid.org/
Fabaceae;Senna;trachypus;canaf¡stula,quebra-machado,quebra-faca;Shrub,tree;ED;LC;NA;NE;dry;dehiscent;winged;oblong;legume;Anemochory;linear-oblong;PY - mechanically scarified;ORT;https://doi.org/10.1590/S2175-78602014000200012,https://dspace.jbrj.gov.br/jspui/handle/doc/26,https://www.researchgate.net/publication/338717644_Guia_de_Propagulos_e_Plantulas_da_Caatinga,https://doi.org/10.1002/tax.12640,https://ser-sid.org/
Fabaceae;Senna;spectabilis;canaf¡stula,quebra-machado,quebra-faca;Tree;NE;LC;NA;NE;dry;dehiscent;non-winged;cylindrical;legume;Autochory;ovoid;PY - mechanically scarified;ORT;https://doi.org/10.5935/1984-2295.20160078,https://doi.org/10.1590/S0102-33062005000100002,https://dspace.jbrj.gov.br/jspui/handle/doc/26,https://doi.org/10.1002/tax.12640,https://ser-sid.org/
Malvaceae;Pseudobombax;marginatum;Imbiratanha;Tree;NE;LC;NA;LC;dry;dehiscent;non-winged;elliptic,obovate;capsule;Anemochory;rounded (embedded in kapok);ND;ORT_NEMA;https://doi.org/10.1590/S0102-33062002000200001,https://dspace.jbrj.gov.br/jspui/handle/doc/26,https://www.researchgate.net/publication/338717644_Guia_de_Propagulos_e_Plantulas_da_Caatinga,https://doi.org/10.1002/tax.12640
Rhamnaceae;Sarcomphalus;joazeiro;juazeiro;Tree;NE;NE;NA;NE;fleshy;indehiscent;non-winged;globose;drupe;Zoochory;elliptic, flattened;PD - removal partial or total of the endocarp;ORT;https://doi.org/10.12705/651.4,https://doi.org/10.1590/S1516-05722010000200010,https://dspace.jbrj.gov.br/jspui/handle/doc/26,https://www.researchgate.net/publication/338717644_Guia_de_Propagulos_e_Plantulas_da_Caatinga,https://doi.org/10.1002/tax.12640,https://ser-sid.org/
Sapindaceae;Sapindus;saponaria;saboneteira;Tree;NE;LC;NA;NE;dry;indehiscent;non-winged;subglobose;schizocarp;Zoochory;obovate,subglobose;PY - mechanically scarified;ORT_NEMA;https://dspace.jbrj.gov.br/jspui/handle/doc/26,https://www.researchgate.net/publication/338717644_Guia_de_Propagulos_e_Plantulas_da_Caatinga,https://doi.org/10.1002/tax.12640
Sapotaceae;Sideroxylon;obtusifolium;quixabeira;Shrub,tree;NE;LC;NA;LC;fleshy;indehiscent;non-winged;ellipsoid,globose,obovate;drupe;Zoochory;ellipsoid,globose;PY - mechanically scarified;ORT;https://doi.org/10.13140/RG.2.2.18495.20647,https://dspace.jbrj.gov.br/jspui/handle/doc/26,https://doi.org/10.1002/tax.12640,https://doi.org/10.1590/S1518-70122011000200008
Anacardiaceae;Astronium;graveolens;aroeirÆo,gon‡alo-alves,guarit ;Tree;NE;LC;NA;LC;fleshy;indehiscent;winged;fusiform;pseudosamara;Anemochory;fusiform;ND;ORT;https://doi.org/10.1007/s40415-021-00732-w,https://dspace.jbrj.gov.br/jspui/handle/doc/26,https://doi.org/10.1002/tax.12640,https://ser-sid.org/
Anacardiaceae;Spondias;mombin;caj ;Tree;NE;LC;NA;NE;fleshy;indehiscent;non-winged;ellipsoid,oblong,oblong-ovoid;drupe;Zoochory;elliptic,obovate,oval,globose;PD - removal partial or total of the endocarp;ORT;https://doi.org/10.1007/978-3-642-14397-7_3,https://doi.org/10.1590/S0100-29452004000300038,https://dspace.jbrj.gov.br/jspui/handle/doc/26,https://doi.org/10.1002/tax.12640,https://ser-sid.org/
Arecaceae;Copernicia;prunifera;carnaubeira;PalmTree;ED;NE;NA;NE;fleshy;indehiscent;non-winged;globose,ovoid;drupe;Zoochory;ovoid;PY - imbibition;ORT_NEMA;https://doi.org/10.5935/1806-6690.20100011,https://doi.org/10.5902/1980509846859,https://dspace.jbrj.gov.br/jspui/handle/doc/26,https://doi.org/10.1002/tax.12640
Arecaceae;Syagrus;coronata;licur¡;PalmTree;ED;LC;NA;NE;fleshy;indehiscent;non-winged;elliptic,ovoid;drupe;Zoochory;ovoid;PD - removal partial or total of the endocarp;REC;https://doi.org/10.11646/phytotaxa.294.1.1,https://dspace.jbrj.gov.br/jspui/handle/doc/26,https://doi.org/10.1002/tax.12640,https://doi.org/10.13102/scb8217
Bignoniaceae;Godmania;dardanoi;chifre de bode;Tree;NE;LC;NA;LC;dry;dehiscent;non-winged;linear,(spirally twisted,longitudinally striate-costate);capsule;Anemochory;flattened (winged);ND;ORT;https://www.jstor.org/stable/4393739,https://dspace.jbrj.gov.br/jspui/handle/doc/26,https://doi.org/10.1002/tax.12640,https://ser-sid.org/
Bignoniaceae;Handroanthus;spongiosus;ipˆ-cascudo;Tree;ED;NE;EN;EN;dry;dehiscent;non-winged;cylindrical;capsule;Anemochory;flattened (winged);ND;ORT;https://www.jstor.org/stable/4393739,https://dspace.jbrj.gov.br/jspui/handle/doc/26,https://doi.org/10.1002/tax.12640,https://doi.org/10.1590/2317-1545v44257812
Bignoniaceae;Jacaranda;brasiliana;jacarand -boca-de-sapo;Tree;ED;LC;NA;LC;dry;dehiscent;non-winged;loculicidal,oblong-orbicular,margin undulating;capsule;Anemochory;flattened (winged);ND;ORT;https://www.jstor.org/stable/4393739,https://dspace.jbrj.gov.br/jspui/handle/doc/26,https://doi.org/10.1002/tax.12640,https://doi.org/10.1590/S1676-06032008000300008
Bignoniaceae;Tabebuia;aurea;ipˆ-amarelo,caraibeira,craibeira;Tree;NE;NE;NA;NE;dry;dehiscent;non-winged;oblong;capsule;Anemochory;flattened (winged);ND;ORT;https://www.jstor.org/stable/4393739,https://dspace.jbrj.gov.br/jspui/handle/doc/26,https://doi.org/10.1002/tax.12640,https://ser-sid.org/
Bixaceae;Cochlospermum;vitifolium;pacot‚;Shrub,tree;NE;LC;NA;NE;dry;dehiscent;non-winged;ovate to obovate in outline (apex mostly umbilicate, base attenuate to truncate);capsule;Anemochory;reniform (with narrow sinus or ubcochleate and slightly twisted);PY - mechanically scarified;ORT;https://doi.org/10.1590/2175-7860201768413,https://www.jstor.org/stable/4393745,https://dspace.jbrj.gov.br/jspui/handle/doc/26,https://doi.org/10.1002/tax.12640,https://ser-sid.org/
Bromeliaceae;Bromelia;laciniosa;macambira-de-cachorro,macambira;Herb;ED;NE;NA;LC;fleshy;indehiscent;non-winged;ellipsoid,globose;berry;Zoochory;rounded;NA;NA;www.jstor.org/stable/4393700,https://doi.org/10.35642/rm.v5i1.563,https://periodicos.ufersa.edu.br/caatinga/article/view/1610,https://dspace.jbrj.gov.br/jspui/handle/doc/26,https://doi.org/10.1002/tax.12640
Bromeliaceae;Encholirium;spectabile;macambira-de-flecha,macambira;Herb;ED;LC;NA;LC;dry;dehiscent;non-winged;short,stout;capsule;Anemochory;sickle wings;ND;ORT;www.jstor.org/stable/4393694,https://doi.org/10.35642/rm.v5i1.563,https://dspace.jbrj.gov.br/jspui/handle/doc/26,https://doi.org/10.1002/tax.12640,https://ser-sid.org/
Bromeliaceae;Neoglaziovia;variegata;caro ;Herb;ED;NE;NA;NE;fleshy;indehiscent;non-winged;ovoid;berry;Zoochory;reniform;PY - mechanically scarified;NA;https://www.jstor.org/stable/4393700,https://doi.org/10.1590/2175-7860200859412,https://doi.org/10.1590/S1516-89132013000400004,https://dspace.jbrj.gov.br/jspui/handle/doc/26,https://doi.org/10.1002/tax.12640
Cactaceae;Cereus;jamacaru;mandacaru;Succulent;ED;LC;NA;NE;fleshy;dehiscent;non-winged;ovoid;berry;Zoochory;testa with cuticular folds;ND;ORT_NEMA;https://doi.org/10.1590/S0102-33062002000100004,http://dx.doi.org/doi:10.21954/ou.ro.0000d49b,https://dspace.jbrj.gov.br/jspui/handle/doc/26,https://doi.org/10.1002/tax.12640
Cactaceae;Harrisia;adscendens;rabo-de-raposa;Succulent;ED;LC;NA;NE;fleshy;dehiscent;non-winged;globose;berry;Zoochory;cochleariform (flattened);ND;NA;http://dx.doi.org/doi:10.21954/ou.ro.0000d49b,https://dspace.jbrj.gov.br/jspui/handle/doc/26,https://doi.org/10.1002/tax.12640
Cactaceae;Pilosocereus;pachycladus;facheiro,facheiro-azul;Succulent;ED;LC;NA;NE;fleshy;dehiscent;non-winged;globose;berry;Zoochory;ovoid-obliquely;ND;ORT;https://doi.org/10.1590/S1806-66902010000300021,https://dspace.jbrj.gov.br/jspui/handle/doc/26,https://doi.org/10.1002/tax.12640,https://doi.org/10.1590/1983-21252023v36n113rc
Cactaceae;Pilosocereus;piauhyensis;facheiro-dourado;Succulent;ED;LC;NA;LC;fleshy;dehiscent;non-winged;depressed-globose;berry;Zoochory;flattened;ND;NA;http://dx.doi.org/doi:10.21954/ou.ro.0000d49b,https://dspace.jbrj.gov.br/jspui/handle/doc/26,https://doi.org/10.1002/tax.12640
Cactaceae;Xiquexique;gounellei;xique-xique;Succulent;ED;LC;NA;NE;fleshy;dehiscent;non-winged;subglobose;berry;Zoochory;hat-shaped (symmetric hilum-micropylar region expanded);ND;ORT_NEMA;https://doi.org/10.1590/S0100-84042012000100003,https://doi.org/10.1590/S0102-33062002000100004,https://dspace.jbrj.gov.br/jspui/handle/doc/26,https://doi.org/10.1002/tax.12640
Cannabaceae;Celtis;iguanaea;janeirinho,esporÆo-de-galo;Shrub,tree;ED;LC;NA;NE;fleshy;indehiscent;non-winged;ellipsoid,globose,ovoid;drupe;Zoochory;globose,subglobose;PY - mechanically scarified;NA;https://doi.org/10.1007/BF02805398,https://doi.org/10.1007/s40415-020-00656-x,https://doi.org/10.1590/2175-7860200960208,https://dspace.jbrj.gov.br/jspui/handle/doc/26,https://doi.org/10.1002/tax.12640
Capparaceae;Crateva;tapia;cabaceira,trapi ;Tree;NE;LC;NA;NE;fleshy;indehiscent;non-winged;globose;amphisarca;Zoochory;reniform;PY - mechanically scarified;ORT;https://doi.org/10.1590/2175-7860201970088,https://dspace.jbrj.gov.br/jspui/handle/doc/26,https://doi.org/10.1002/tax.12640,https://doi.org/10.1007/s10531-023-02565-3
Celastraceae;Monteverdia;rigida;pau-de-colher,bom-nome;Shrub,tree;ED;LC;NA;LC;dry;dehiscent;non-winged;spheroid;capsule;Zoochory;oblong,ellipsoid, white arils that completely cover the seeds;NA;NA;https://doi.org/10.1590/S0102-33062009000400014,http://dx.doi.org/10.1600/036364417X696456,https://dspace.jbrj.gov.br/jspui/handle/doc/26,https://doi.org/10.1002/tax.12640
Combretaceae;Combretum;leprosum;mofumbo;Shrub,tree,Liana/Scandent/Vine;NE;LC;NA;NE;dry;indehiscent;winged;elliptic;drupe;Anemochory;ellipsoid;ND;ORT;https://www.jstor.org/stable/25800079,https://doi.org/10.1590/2175-7860201869417,https://dspace.jbrj.gov.br/jspui/handle/doc/26,https://doi.org/10.1002/tax.12640,https://doi.org/10.1093/forsci/fxab027
Convolvulaceae;Ipomoea;asarifolia;salsa,jetirana,salsa-brava;Liana/Scandent/Vine,subshrubs;NE;NE;NA;NE;dry;dehiscent;non-winged;subglobose;capsule;Autochory;triangular;PY - mechanically scarified;ORT;https://doi.org/10.2307/2395053,https://doi.org/10.1590/2175-7860202172084,https://dspace.jbrj.gov.br/jspui/handle/doc/26,https://doi.org/10.1002/tax.12640,https://ser-sid.org/
Cordiaceae;Cordia;oncocalyx;pau-branco;Tree;ED;LC;NA;LC;dry;indehiscent;non-winged;globose;drupe;Anemochory;elliptical acuminate;PD - removal partial or total of the endocarp;NA;https://doi.org/10.1590/2175-7860200859403,https://doi.org/10.12705/653.5,https://doi.org/10.1590/1983-21252022v35n116rc,https://dspace.jbrj.gov.br/jspui/handle/doc/26,https://doi.org/10.1002/tax.12640
Erythroxylaceae;Erythroxylum;pungens;rompe-gibÆo;Shrub,tree;ED;LC;NA;NE;fleshy;indehiscent;non-winged;ellipsoid;drupe;Zoochory;elliptic;ND;NA;https://doi.org/10.1590/2175-7860201465306,https://dspace.jbrj.gov.br/jspui/handle/doc/26,https://doi.org/10.1002/tax.12640
Fabaceae;Albizia;inundata;muquem;Tree;NE;LC;NA;NE;dry;dehiscent;non-winged;compressed-flat;cryptoloment;Autochory;elliptic,oblong;PY - mechanically scarified;ORT;https://doi.org/10.1590/2175-7860201768131,https://doi.org/10.18677/EnciBio_2019A150,https://doi.org/10.1590/S2236-89062013000400003,https://dspace.jbrj.gov.br/jspui/handle/doc/26,https://doi.org/10.1002/tax.12640,https://ser-sid.org/
Fabaceae;Apuleia;leiocarpa;juta¡;Shrub,tree;NE;LC;VU;VU;dry;indehiscent;winged;elliptic to rounded(square to obovate);samara;Anemochory;elliptic,obovate,ovoid;PY - mechanically scarified;ORT;https://dspace.jbrj.gov.br/jspui/handle/doc/26,https://doi.org/10.1002/tax.12640,https://ser-sid.org/
Fabaceae;Canavalia;brasiliensis;feijÆo-de-porco,feijÆo-bravo;Liana/Scandent/Vine;NE;NE;NA;NE;dry;dehiscent;winged;oblong;legume;Anemochory;ellipsoid;PY - mechanically scarified;ORT;https://doi.org/10.1590/S1676-06032013000400028,https://dspace.jbrj.gov.br/jspui/handle/doc/26,https://doi.org/10.1002/tax.12640,https://ser-sid.org/
Fabaceae;Cenostigma;microphyllum;catingueira-miuda;Shrub,tree;ED;LC;NA;NE;dry;dehiscent;non-winged;obovate;legume;Autochory;elliptic,ovoid,orbicular;PY - mechanically scarified;ORT_NEMA;https://www.jstor.org/stable/23223204,https://doi.org/10.3897/phytokeys.71.9203,https://dspace.jbrj.gov.br/jspui/handle/doc/26,https://doi.org/10.1002/tax.12640
Fabaceae;Cratylia;mollis;camaratuba;Shrub,Liana/Scandent/Vine;ED;NE;NA;NE;dry;dehiscent;non-winged;linear;legume;Autochory;orbicular,ovoid;PY - mechanically scarified;NA;https://doi.org/10.1590/S0100-84042004000400013,https://dspace.jbrj.gov.br/jspui/handle/doc/26,https://doi.org/10.1002/tax.12640
Fabaceae;Dalbergia;cearensis;violeta,pau-violeta;Tree;ED;NT;NA;NT;dry;indehiscent;winged;elliptic,oblong;samara;Anemochory;flattened,oblong,reniform;ND;NA;https://doi.org/10.1590/S0102-33062010000400013,https://dspace.jbrj.gov.br/jspui/handle/doc/26,https://doi.org/10.1002/tax.12640
Fabaceae;Erythrina;velutina;mulung£;Tree;NE;NE;NA;NE;dry;dehiscent;non-winged;oblong;legume;Zoochory;reniform;PY - mechanically scarified;ORT_NEMA;https://doi:10.1017/S0266467401001201,https://dspace.jbrj.gov.br/jspui/handle/doc/26,https://doi.org/10.1002/tax.12640
Fabaceae;Geoffroea;spinosa;marizeiro;Tree;NE;LC;NA;NE;fleshy;indehiscent;non-winged;ovoid;drupe;Zoochory;oblong;PD - removal partial or total of the endocarp;REC_NEMA;https://dspace.jbrj.gov.br/jspui/handle/doc/26,https://doi.org/10.1002/tax.12640
Fabaceae;Hymenaea;courbaril;jatob ;Tree;NE;LC;NA;LC;dry;indehiscent;non-winged;oblong,ovoid;legume;Zoochory;ellipsoid,ovoid,obovate;PY - mechanically scarified;ORT_NEMA;https://doi.org/10.13102/scb1092,https://www.jstor.org/stable/23500773,https://dspace.jbrj.gov.br/jspui/handle/doc/26,https://doi.org/10.1002/tax.12640
Fabaceae;Hymenaea;martiana;jatob ;Tree;NE;LC;NA;LC;dry;indehiscent;non-winged;oblong;legume;Zoochory;ellipsoid,ovoid,obovate;PY - mechanically scarified;NA;https://doi.org/10.13102/scb1092,https://www.jstor.org/stable/23500773,https://dspace.jbrj.gov.br/jspui/handle/doc/26,https://doi.org/10.1002/tax.12640
Fabaceae;Inga;vera;ing ;Tree;NE;LC;NA;NE;fleshy;indehiscent;non-winged;cylindrical;legume;Zoochory;oblong;ND;REC;https://doi.org/10.1590/S0102-33062007000300005,https://doi.org/10.2307/2399826,https://dspace.jbrj.gov.br/jspui/handle/doc/26,https://doi.org/10.1002/tax.12640,https://ser-sid.org/
Fabaceae;Lonchocarpus;sericeus;inga,ingazeiro,violete;Tree;NE;LC;NA;NE;dry;indehiscent;non-winged;oblong,oblong-falcate;legume;Zoochory;rounded,oblong, reniform;PY - mechanically scarified;ORT;https://doi.org/10.5935/1984-2295.20160078,https://doi.org/10.1590/S0102-33062012000200012,https://dspace.jbrj.gov.br/jspui/handle/doc/26,https://doi.org/10.1002/tax.12640,https://ser-sid.org/
Fabaceae;Mimosa;arenosa;jurema,calumb¡-roxo,espinheiro-branco;Shrub,tree;NE;LC;NA;NE;dry;indehiscent;non-winged;linear,oblong;craspedium;Autochory;ellipsoid;PY - mechanically scarified;ORT;https://doi.org/10.1590/2175-7860201566107,https://dspace.jbrj.gov.br/jspui/handle/doc/26,https://doi.org/10.1002/tax.12640,https://ser-sid.org/
Fabaceae;Mimosa;caesalpiniifolia;sabi ;Shrub,tree;ED;LC;NA;LC;dry;indehiscent;non-winged;compressed-flat;craspedium;Autochory;obovate;PY - mechanically scarified;NA;https://www.jstor.org/stable/23496041,https://www.jstor.org/stable/23500773,https://dspace.jbrj.gov.br/jspui/handle/doc/26,https://doi.org/10.1002/tax.12640
Fabaceae;Mimosa;ophthalmocentra;jurema-vermelha;Shrub,tree;ED;LC;NA;NE;dry;indehiscent;non-winged;compressed-flat;craspedium;Autochory;subsquares;PY - mechanically scarified;ORT;https://doi.org/10.1590/S2175-78602014000200012,https://dspace.jbrj.gov.br/jspui/handle/doc/26,https://doi.org/10.1002/tax.12640,https://ser-sid.org/
Fabaceae;Pithecellobium;diversifolium;carcarazeiro;Shrub,tree;ED;LC;NA;NE;dry;dehiscent;non-winged;sigmoidal(linear spiraled,short stipitate);legume;Autochory;oblong,ovoid (aril red);PY - mechanically scarified;ORT_NEMA;https://doi.org/10.1590/S2236-89062013000400003,https://doi.org/10.1590/1676-0611-BN-2018-0586,https://dspace.jbrj.gov.br/jspui/handle/doc/26,https://doi.org/10.1002/tax.12640
Fabaceae;Plathymenia;reticulata;vinh tico;Shrub,tree;NE;LC;NA;LC;dry;dehiscent;non-winged;compressed-flat;cryptoloment;Anemochory;obovate,obovate-oblong (winged);PY - mechanically scarified;NA;https://doi.org/10.1093/aob/mcy006,https://doi.org/10.1017/S0960428603000106,https://doi.org/10.1093/aob/mci193,https://dspace.jbrj.gov.br/jspui/handle/doc/26,https://doi.org/10.1002/tax.12640
Fabaceae;Pterogyne;nitens;amendoim-bravo,amendoim-do-campo,amendoim;Tree;NE;NT;NA;LC;dry;indehiscent;winged;ovoid;samara;Anemochory;oblanceolate;PY - mechanically scarified;ORT_NEMA;https://doi.org/10.1590/2175-7860201970017,https://dspace.jbrj.gov.br/jspui/handle/doc/26,https://doi.org/10.1002/tax.12640,https://doi.org/10.1079/cabicompendium.4536
Fabaceae;Senegalia;tenuifolia;espinheiro,unha-de-gato;Shrub,Liana/Scandent/Vine;NE;NE;NA;NE;dry;dehiscent;non-winged;straight;legume;Autochory;elliptic;PY - mechanically scarified;ORT;https://doi.org/10.1111/jvs.12227,https://www.jstor.org/stable/245461505,https://dspace.jbrj.gov.br/jspui/handle/doc/26,https://doi.org/10.1002/tax.12640,https://doi.org/10.1093/forsci/fxab027
Fabaceae;Senegalia;bahiensis;calumbi-branco;Shrub,tree;ED;LC;NA;NE;dry;dehiscent;non-winged;falcate;legume;Autochory;ellipsoid;PY - mechanically scarified;ORT;https://doi.org/10.1017/S0266467401001201,https://www.jstor.org/stable/24546155,https://dspace.jbrj.gov.br/jspui/handle/doc/26,https://doi.org/10.1002/tax.12640,https://ser-sid.org/
Fabaceae;Senegalia;polyphylla;espinheiro,unha-de-gato;Shrub,tree;NE;LC;NA;NE;dry;dehiscent;non-winged;straight(slightly falcate);legume;Autochory;orbicular;PY - mechanically scarified;ORT;https://doi.org/10.1590/S0102-33062007000300005,https://www.jstor.org/stable/24546155,https://dspace.jbrj.gov.br/jspui/handle/doc/26,https://doi.org/10.1002/tax.12640,https://ser-sid.org/
Fabaceae;Senna;uniflora;mata-pasto-cabeludo;Herb;NE;NE;NA;NE;dry;dehiscent;non-winged;compressed,oblong;legume;Autochory;rhombic;PY - mechanically scarified;ORT;https://doi.org/10.1590/1806-908820220000010,https://doi.org/10.1590/2175-7860202172104,https://dspace.jbrj.gov.br/jspui/handle/doc/26,https://doi.org/10.1002/tax.12640,https://ser-sid.org/
Fabaceae;Senna;martiana;mata-pasto,canaf¡stula-de-lajedo;Shrub;ED;NE;NA;NE;dry;dehiscent;non-winged;linear,oblong;legume;Autochory;obovate;PY - mechanically scarified;ORT;https://doi.org/10.5935/1984-2295.20160078,https://doi.org/10.1590/2175-7860202071025,https://dspace.jbrj.gov.br/jspui/handle/doc/26,https://doi.org/10.1002/tax.12640,https://ser-sid.org/
Fabaceae;Senna;pendula;canafistula;Shrub,tree,Liana/Scandent/Vine;NE;LC;NA;NE;dry;dehiscent;non-winged;cylindrical;legume;Autochory;ovoid;PY - mechanically scarified;ORT;https://doi.org/10.1590/S2236-89062009000200002,https://doi.org/10.1590/2175-7860202172104,https://dspace.jbrj.gov.br/jspui/handle/doc/26,https://doi.org/10.1002/tax.12640,https://doi.org/10.1590/2179-8087.000217
Fabaceae;Sesbania;virgata;angiquinho-grande,sesbania-de-flores-amarelas;Shrub;NE;LC;NA;NE;dry;indehiscent;non-winged;linear,oblong;follicle;Autochory;reniform;PY - mechanically scarified;ORT_NEMA;https://doi.org/10.1590/S0102-33062009000100018,https://doi.org/10.5039/agraria.v6i2a926,https://dspace.jbrj.gov.br/jspui/handle/doc/26,https://doi.org/10.1002/tax.12640
Fabaceae;Trischidium;molle;canafistula, brinquinho;Shrub,tree;ED;LC;NA;NE;dry;dehiscent;non-winged;ellipsoid;legume;Zoochory;ellipsoid;PY - mechanically scarified;NA;https://www.jstor.org/stable/20443359,https://www.jstor.org/stable/23500773,https://doi.org/10.1590/S0100-84042004000400013,https://dspace.jbrj.gov.br/jspui/handle/doc/26,https://doi.org/10.1002/tax.12640
Fabaceae;Vachellia;farnesiana;calumbi,coronha,esponjeira;Shrub;NE;LC;NA;NE;fleshy;indehiscent;non-winged;cylindrical;legume;Zoochory;flattened,ovoid;PY - mechanically scarified;ORT;https://www.jstor.org/stable/23500773,https://www.jstor.org/stable/2419000,https://doi.org/10.1007/BF00328167,https://dspace.jbrj.gov.br/jspui/handle/doc/26,https://doi.org/10.1002/tax.12640,https://ser-sid.org/
Lamiaceae;Mesosphaerum;suaveolens;canudinho,bamburr ,alfazema,bamburral;Shrub,herb,subshrubs;NE;NE;NA;NE;dry;indehiscent;non-winged;elongated shape with dorso-ventral flattening;nutlet;Autochory;oblong;ND;ORT;https://doi.org/10.1016/j.jenvman.2023.117665,https://doi.org/10.11646/phytotaxa.58.1.1,https://doi.org/10.37856/bja.v93i1.3265,https://doi.org/10.1590/2175-7860201970067,https://dspace.jbrj.gov.br/jspui/handle/doc/26,https://doi.org/10.1002/tax.12640,https://ser-sid.org/
Lamiaceae;Rhaphiodon;echinus;falsa-menta,menta-rasteira;Herb;ED;NE;NA;NE;dry;indehiscent;non-winged;globose;nutlet;Autochory;ovoid;PY - mechanically scarified;ORT;https://doi.org/10.1590/1806-908820220000010,https://doi.org/10.11646/phytotaxa.58.1.1,https://www.jstor.org/stable/42871644,https://dspace.jbrj.gov.br/jspui/handle/doc/26,https://doi.org/10.1002/tax.12640,https://ser-sid.org/
Malvaceae;Ceiba;glaziovii;barriguda;Tree;ED;LC;NA;LC;dry;dehiscent;non-winged;pyriform;capsule loculicidal;Anemochory;rounded to pyriform to reniform (embedded in kapok);ND;NA;https://doi.org/10.1590/S0102-33062002000200001,https://doi.org/10.3989/ajbm.2002.v60.i2.92,https://dspace.jbrj.gov.br/jspui/handle/doc/26,https://doi.org/10.1002/tax.12640
Malvaceae;Ceiba;pentandra;paineira;Tree;NE;LC;NA;NE;dry;dehiscent;non-winged;oblong-ellipsoid;capsule;Anemochory;compressed-globose (smooth and embedded in kapok);ND;ORT;https://doi.org/10.1007/978-90-481-8661-7_72,https://dspace.jbrj.gov.br/jspui/handle/doc/26,https://doi.org/10.1002/tax.12640,https://ser-sid.org/
Malvaceae;Guazuma;ulmifolia;mutamba;Tree;NE;LC;NA;NE;dry;dehiscent;non-winged;globose;capsule loculicidal;Zoochory;rounded;PD - heating;ORT;https://doi.org/10.1590/S0101-31222008000100015,https://doi.org/10.1590/2175-7860200960208,https://dspace.jbrj.gov.br/jspui/handle/doc/26,https://doi.org/10.1002/tax.12640,https://doi.org/10.1590/S0100-67622012000500001,https://ser-sid.org/
Malvaceae;Pachira;retusa;castanheira;Shrub,tree;ED;LC;NA;LC;dry;dehiscent;non-winged;globose,subglobose;capsule;Autochory;angular (embedded in kapok);PY - mechanically scarified;NA;https://doi.org/10.1590/S0102-33062002000200001,https://doi.org/10.1016/j.ympev.2016.05.006,https://dspace.jbrj.gov.br/jspui/handle/doc/26,https://doi.org/10.1002/tax.12640
Malvaceae;Pseudobombax;simplicifolium;Imbiru‡£;Tree;ED;LC;NA;LC;dry;dehiscent;non-winged;cylindrical;capsule;Anemochory;rounded (embedded in kapok);ND;ORT_NEMA;https://doi.org/10.1590/S0100-84042011000200007,https://dspace.jbrj.gov.br/jspui/handle/doc/26,https://doi.org/10.1002/tax.12640
Malvaceae;Sida;cordifolia;malva-branca;Herb,subshrubs;NE;NE;NA;NE;dry;indehiscent;non-winged;laterally reticulate(muticous to prominently aristate, the spines often retrorsely barbed);schizocarp;Autochory;reniform;PY - mechanically scarified;ORT;https://doi.org/10.1590/1806-908820220000010,https://www.jstor.org/stable/23909127,https://doi.org/10.11606/issn.2316-9052.v39p31-52,https://dspace.jbrj.gov.br/jspui/handle/doc/26,https://doi.org/10.1002/tax.12640,https://ser-sid.org/
Malvaceae;Sida;galheirensis;canela-de-siriema,canela-de-ema;Subshrubs;ED;NE;NA;LC;dry;indehiscent;non-winged;laterally reticulate(muticous to prominently aristate, the spines often retrorsely barbed);schizocarp;Autochory;reniform;PY - mechanically scarified;ORT_NEMA;https://doi.org/10.1590/1806-908820220000010,https://dspace.jbrj.gov.br/jspui/handle/doc/26,https://doi.org/10.1002/tax.12640
Passifloraceae;Passiflora;cincinnata;maracuj -do-mato;Liana/Scandent/Vine;NE;NE;NA;NE;fleshy;indehiscent;non-winged;ovoid,rounded;berry;Zoochory;obovate;PY+PD - mechanically scarified+gibberellic acid (GA3);INT?;https://dspace.jbrj.gov.br/jspui/handle/doc/26,https://doi.org/10.1002/tax.12640,https://ser-sid.org/
Poaceae;Chloris;barbata;p‚ de galinha;Herb;NE;NE;NA;NE;dry;indehiscent;non-winged;ellipsoid,obovoid;caryopsis;Zoochory;elliptical acuminate;ND;ORT;https://doi.org/10.1590/S0034-71082000000100016,https://scholarsarchive.byu.edu/byuscib/vol19/iss2/1,https://dspace.jbrj.gov.br/jspui/handle/doc/26,https://doi.org/10.1002/tax.12640,https://ser-sid.org/
Polygonaceae;Ruprechtia;laxiflora;pau-caixÆo;Tree;NE;LC;NA;NE;dry;indehiscent;winged;obconic;nutlet;Anemochory;ovoid;ND;NA;https://doi.org/10.46357/bcnaturais.v10i3.477,https://dspace.jbrj.gov.br/jspui/handle/doc/26,https://doi.org/10.1002/tax.12640
Polygonaceae;Triplaris;gardneriana;paje£,pau-novateiro;Tree;NE;NE;NA;NE;dry;indehiscent;winged;oblong-campanulate tubes,oval;achene;Anemochory;triangular (ovoid);ND;ORT;https://doi.org/10.1111/j.1756-1051.1986.tb00454.x,https://dspace.jbrj.gov.br/jspui/handle/doc/26,https://doi.org/10.1002/tax.12640,https://doi.org/10.1590/S1677-04202002000200008
Rubiaceae;Genipa;americana;jenipapo;Shrub,tree;NE;LC;NA;LC;fleshy;indehiscent;non-winged;globose;berry;Zoochory;flattened;PY - mechanically scarified;ORT;https://www.jstor.org/stable/23494967,https://dspace.jbrj.gov.br/jspui/handle/doc/26,https://doi.org/10.1002/tax.12640,https://ser-sid.org/
Rubiaceae;Simira;gardneriana;pereiro-vermelho;Tree;ED;NE;NA;NT;dry;dehiscent;non-winged;globose;capsule;Anemochory;flattened (winged);ND;NA;https://doi.org/10.2307/3393006,https://dspace.jbrj.gov.br/jspui/handle/doc/26,https://doi.org/10.1002/tax.12640
Rubiaceae;Tocoyena;formosa;genipapo-bravo,marmela;Shrub,subshrubs;NE;NE;NA;NE;fleshy;indehiscent;non-winged;globose;berry;Zoochory;flattened-convex;PY - mechanically scarified;ORT;https://doi.org/10.1007/BF00937441,https://www.jstor.org/stable/23494967,https://doi.org/10.1590/2236-8906-46/2019,https://dspace.jbrj.gov.br/jspui/handle/doc/26,https://doi.org/10.1002/tax.12640,https://doi.org/10.1590/S1677-04202002000200008
Sapindaceae;Magonia;pubescens;tingui;Tree;NE;LC;NA;LC;dry;dehiscent;non-winged;trigonous to almost spherical;capsule;Anemochory;flattened (winged wide-elliptical subtrapezoidal);ND;ORT;https://www.jstor.org/stable/2806740,https://doi.org/10.11606/issn.2316-9052.v31i1p99-130,https://dspace.jbrj.gov.br/jspui/handle/doc/26,https://doi.org/10.1002/tax.12640,https://ser-sid.org/
Velloziaceae;Vellozia;plicata;canela-de-ema;Dracenoid,subshrubs;ED;NE;NA;NE;dry;dehiscent;non-winged;triangular;capsule loculicidal;Anemochory;pyramidal;ND;NA;https://doi.org/10.5935/1984-2295.20160078,https://doi.org/10.1093/botlinnean/boz040,https://www.jstor.org/stable/3393230,https://dspace.jbrj.gov.br/jspui/handle/doc/26,https://doi.org/10.1002/tax.12640
Ximeniaceae;Ximenia;americana;ameixa-do-mato;Shrub,tree;NE;LC;NA;NE;fleshy;indehiscent;non-winged;ellipsoid,globose;drupe;Zoochory;elliptic,globose;PY - mechanically scarified;ORT;https://doi.org/10.1007/978-94-024-1552-0_43,https://doi.org/10.1007/978-3-030-38386-2_171,https://doi.org/10.1016/j.sajb.2011.07.003,https://dspace.jbrj.gov.br/jspui/handle/doc/26,https://doi.org/10.1002/tax.12640,https://ser-sid.org/
;;;;;;;;;;;;;;;;;;
;;;;;;;;;;;;;;;;;;
;;;;;;;;;;;;;;;;;;
;;;;;;;;;;;;;;;;;;
;;;;;;;;;;;;;;;;;;
;;;;;;;;;;;;;;;;;;
;;;;;;;;;;;;;;;;;;
;;;;;;;;;;;;;;;;;;
;;;;;;;;;;;; ;;;;;;
